"case_id","onset_year","age_years","sex","first_facility_type","ei_documented","ei_date_recorded","onset_to_ei_days","ei_within_7_days","lab_test_documented","lab_result_available","lab_positive","strict_lab_confirmed_identifiable","final_outcome"
"SYN-0001",2022,54,"Male","Hospital",0,0,NA,NA,1,1,1,0,"Survived"
"SYN-0002",2022,35,"Male","Hospital",0,0,NA,NA,0,0,0,0,"Survived"
"SYN-0003",2022,19,"Male","Hospital",1,1,9,FALSE,0,0,0,0,"Survived"
"SYN-0004",2022,68,"Female","Health center",1,1,3,TRUE,0,0,0,0,"Survived"
"SYN-0005",2024,55,"Male","Hospital",0,0,NA,NA,1,1,0,0,"Survived"
"SYN-0006",2021,48,"Female","Hospital",1,1,19,FALSE,0,0,0,0,"Survived"
"SYN-0007",2022,74,"Male","Hospital",0,0,NA,NA,1,1,1,0,"Survived"
"SYN-0008",2024,25,"Male","Hospital",1,1,2,TRUE,1,1,1,0,"Survived"
"SYN-0009",2023,42,"Male","Health center",1,0,9,FALSE,0,0,0,0,"Survived"
"SYN-0010",2022,41,"Female","Health center",1,0,11,FALSE,1,1,1,0,"Survived"
"SYN-0011",2024,68,"Male","Hospital",0,0,NA,NA,1,1,1,0,"Death"
"SYN-0012",2022,25,"Female","Health center",1,1,17,FALSE,0,0,0,0,"Survived"
"SYN-0013",2023,21,"Male","Hospital",0,0,NA,NA,0,0,0,0,"Survived"
"SYN-0014",2021,55,"Male","Hospital",0,0,NA,NA,1,1,1,0,"Survived"
"SYN-0015",2024,21,"Male","Unknown",0,0,NA,NA,1,1,1,0,"Survived"
"SYN-0016",2022,53,"Male","Hospital",0,0,NA,NA,1,1,1,0,"Survived"
"SYN-0017",2024,56,"Male","Hospital",1,1,6,TRUE,1,1,1,0,"Survived"
"SYN-0018",2022,71,"Male","Hospital",0,0,NA,NA,0,0,0,0,"Survived"
"SYN-0019",2024,38,"Male","Hospital",0,0,NA,NA,0,0,0,0,"Survived"
"SYN-0020",2022,35,"Female","Health center",0,0,NA,NA,1,1,1,0,"Survived"
"SYN-0021",2021,34,"Male","Hospital",1,0,13,FALSE,0,0,0,0,"Survived"
"SYN-0022",2022,75,"Female","Hospital",0,0,NA,NA,1,1,1,0,"Survived"
"SYN-0023",2022,69,"Male","Hospital",0,0,NA,NA,1,1,1,0,"Survived"
"SYN-0024",2024,26,"Female","Hospital",1,1,9,FALSE,1,1,1,0,"Survived"
"SYN-0025",2022,26,"Male","Health center",0,0,NA,NA,1,1,1,0,"Survived"
"SYN-0026",2021,49,"Male","Hospital",0,0,NA,NA,1,1,1,0,"Survived"
"SYN-0027",2024,38,"Male","Hospital",1,1,10,FALSE,0,0,0,0,"Survived"
"SYN-0028",2023,55,"Male","Hospital",0,0,NA,NA,1,1,1,0,"Survived"
"SYN-0029",2021,41,"Female","Hospital",0,0,NA,NA,0,0,0,0,"Survived"
"SYN-0030",2023,46,"Female","Hospital",1,1,8,FALSE,0,0,0,0,"Survived"
"SYN-0031",2022,35,"Male","Health center",1,1,12,FALSE,1,1,1,0,"Survived"
"SYN-0032",2024,55,"Female","Hospital",1,0,11,FALSE,1,1,1,0,"Survived"
"SYN-0033",2023,70,"Female","Hospital",0,0,NA,NA,0,0,0,0,"Survived"
"SYN-0034",2024,69,"Male","Unknown",0,0,NA,NA,0,0,0,0,"Survived"
"SYN-0035",2024,42,"Male","Hospital",1,0,14,FALSE,0,0,0,0,"Survived"
"SYN-0036",2024,50,"Female","Hospital",0,0,NA,NA,1,1,1,0,"Survived"
"SYN-0037",2024,66,"Female","Hospital",1,1,18,FALSE,1,1,1,0,"Survived"
"SYN-0038",2022,35,"Male","Hospital",0,0,NA,NA,1,1,1,0,"Survived"
"SYN-0039",2023,38,"Male","Unknown",0,0,NA,NA,0,0,0,0,"Survived"
"SYN-0040",2022,55,"Male","Hospital",0,0,NA,NA,0,0,0,0,"Survived"
"SYN-0041",2024,44,"Female","Hospital",1,1,5,TRUE,1,1,1,0,"Survived"
"SYN-0042",2024,84,"Male","Health center",0,0,NA,NA,0,0,0,0,"Survived"
"SYN-0043",2022,49,"Female","Health center",0,0,NA,NA,1,0,0,0,"Survived"
"SYN-0044",2022,51,"Male","Hospital",0,0,NA,NA,0,0,0,0,"Survived"
"SYN-0045",2021,31,"Male","Hospital",0,0,NA,NA,1,1,1,0,"Survived"
"SYN-0046",2021,27,"Female","Health center",1,1,6,TRUE,1,1,1,0,"Survived"
"SYN-0047",2023,44,"Male","Hospital",0,0,NA,NA,0,0,0,0,"Survived"
"SYN-0048",2022,50,"Female","Health center",0,0,NA,NA,1,1,1,0,"Survived"
"SYN-0049",2024,43,"Male","Hospital",1,1,7,TRUE,1,1,0,0,"Survived"
"SYN-0050",2024,51,"Male","Hospital",1,1,28,FALSE,1,1,1,0,"Survived"
"SYN-0051",2022,60,"Male","Hospital",0,0,NA,NA,1,1,1,0,"Death"
"SYN-0052",2022,45,"Male","Hospital",0,0,NA,NA,1,1,1,0,"Survived"
"SYN-0053",2022,78,"Male","Hospital",0,0,NA,NA,0,0,0,0,"Survived"
"SYN-0054",2024,73,"Female","Unknown",0,0,NA,NA,1,1,1,0,"Survived"
"SYN-0055",2023,80,"Male","Hospital",0,0,NA,NA,1,1,1,0,"Survived"
"SYN-0056",2021,52,"Male","Health center",0,0,NA,NA,1,0,0,0,"Survived"
"SYN-0057",2023,66,"Male","Health center",0,0,NA,NA,0,0,0,0,"Survived"
"SYN-0058",2022,53,"Male","Hospital",0,0,NA,NA,0,0,0,0,"Death"
"SYN-0059",2023,20,"Male","Unknown",1,1,16,FALSE,1,0,0,0,"Survived"
"SYN-0060",2022,70,"Female","Hospital",0,0,NA,NA,1,1,1,0,"Survived"
"SYN-0061",2021,61,"Female","Hospital",1,1,14,FALSE,1,1,1,0,"Survived"
"SYN-0062",2023,57,"Male","Hospital",1,1,13,FALSE,1,1,1,0,"Survived"
"SYN-0063",2021,68,"Female","Hospital",0,0,NA,NA,0,0,0,0,"Survived"
"SYN-0064",2023,37,"Male","Hospital",0,0,NA,NA,0,0,0,0,"Survived"
"SYN-0065",2024,34,"Male","Hospital",1,1,7,TRUE,0,0,0,0,"Survived"
"SYN-0066",2021,70,"Male","Hospital",0,0,NA,NA,0,0,0,0,"Survived"
"SYN-0067",2022,51,"Male","Health center",1,1,9,FALSE,0,0,0,0,"Survived"
"SYN-0068",2021,62,"Male","Hospital",0,0,NA,NA,1,1,0,0,"Survived"
"SYN-0069",2023,42,"Male","Health center",1,1,22,FALSE,1,1,1,0,"Survived"
"SYN-0070",2022,34,"Male","Hospital",0,0,NA,NA,0,0,0,0,"Survived"
"SYN-0071",2022,34,"Male","Hospital",0,0,NA,NA,1,1,1,0,"Survived"
"SYN-0072",2023,64,"Male","Hospital",1,1,10,FALSE,0,0,0,0,"Survived"
"SYN-0073",2024,58,"Female","Hospital",0,0,NA,NA,1,1,0,0,"Survived"
"SYN-0074",2023,41,"Male","Hospital",0,0,NA,NA,0,0,0,0,"Survived"
"SYN-0075",2022,18,"Male","Unknown",0,0,NA,NA,0,0,0,0,"Survived"
"SYN-0076",2023,56,"Male","Hospital",0,0,NA,NA,1,1,1,0,"Survived"
"SYN-0077",2022,66,"Male","Hospital",1,1,3,TRUE,1,1,1,0,"Survived"
"SYN-0078",2022,63,"Male","Hospital",0,0,NA,NA,1,1,1,0,"Survived"
"SYN-0079",2023,66,"Male","Health center",1,1,7,TRUE,0,0,0,0,"Survived"
"SYN-0080",2023,60,"Female","Hospital",1,1,6,TRUE,1,1,1,0,"Survived"
"SYN-0081",2021,45,"Male","Hospital",0,0,NA,NA,0,0,0,0,"Survived"
"SYN-0082",2024,53,"Male","Health center",1,1,5,TRUE,0,0,0,0,"Survived"
"SYN-0083",2024,59,"Male","Hospital",0,0,NA,NA,1,1,1,1,"Survived"
"SYN-0084",2024,80,"Male","Hospital",0,0,NA,NA,0,0,0,0,"Survived"
"SYN-0085",2023,34,"Male","Health center",1,1,11,FALSE,1,1,1,0,"Survived"
"SYN-0086",2024,45,"Male","Hospital",0,0,NA,NA,1,1,1,0,"Survived"
"SYN-0087",2024,48,"Female","Hospital",1,0,15,FALSE,0,0,0,0,"Survived"
"SYN-0088",2023,75,"Male","Unknown",0,0,NA,NA,1,1,0,0,"Survived"
"SYN-0089",2024,33,"Female","Health center",1,1,14,FALSE,1,1,1,0,"Survived"
"SYN-0090",2023,61,"Female","Health center",1,1,16,FALSE,0,0,0,0,"Survived"
"SYN-0091",2024,66,"Female","Hospital",0,0,NA,NA,0,0,0,0,"Survived"
"SYN-0092",2023,37,"Male","Hospital",1,0,26,FALSE,0,0,0,0,"Survived"
"SYN-0093",2022,62,"Male","Hospital",0,0,NA,NA,0,0,0,0,"Survived"
"SYN-0094",2021,43,"Male","Unknown",0,0,NA,NA,0,0,0,0,"Death"
"SYN-0095",2023,72,"Female","Hospital",0,0,NA,NA,1,1,0,0,"Survived"
"SYN-0096",2021,51,"Male","Hospital",0,0,NA,NA,1,1,1,0,"Survived"
"SYN-0097",2023,40,"Male","Hospital",1,1,4,TRUE,0,0,0,0,"Survived"
"SYN-0098",2021,45,"Male","Hospital",0,0,NA,NA,0,0,0,0,"Survived"
"SYN-0099",2023,78,"Female","Unknown",0,0,NA,NA,1,1,1,0,"Survived"
"SYN-0100",2023,72,"Male","Hospital",1,1,12,FALSE,0,0,0,0,"Survived"
"SYN-0101",2022,58,"Male","Hospital",0,0,NA,NA,0,0,0,0,"Survived"
"SYN-0102",2021,62,"Male","Hospital",0,0,NA,NA,1,1,1,0,"Survived"
"SYN-0103",2022,62,"Female","Hospital",0,0,NA,NA,1,1,1,0,"Death"
"SYN-0104",2022,74,"Male","Hospital",1,1,9,FALSE,0,0,0,0,"Survived"
"SYN-0105",2023,42,"Male","Health center",0,0,NA,NA,1,1,1,0,"Survived"
"SYN-0106",2024,45,"Female","Health center",0,0,NA,NA,1,1,1,0,"Survived"
"SYN-0107",2024,30,"Female","Hospital",0,0,NA,NA,0,0,0,0,"Survived"
"SYN-0108",2023,18,"Female","Hospital",1,1,6,TRUE,1,1,1,0,"Survived"
"SYN-0109",2023,63,"Female","Hospital",0,0,NA,NA,1,1,1,0,"Survived"
"SYN-0110",2023,61,"Female","Hospital",0,0,NA,NA,1,1,1,0,"Survived"
"SYN-0111",2024,59,"Male","Hospital",0,0,NA,NA,0,0,0,0,"Survived"
"SYN-0112",2023,71,"Male","Unknown",0,0,NA,NA,1,1,1,0,"Death"
"SYN-0113",2022,40,"Male","Health center",1,1,5,TRUE,0,0,0,0,"Survived"
"SYN-0114",2023,75,"Male","Hospital",0,0,NA,NA,1,1,1,0,"Survived"
"SYN-0115",2024,80,"Male","Hospital",1,1,8,FALSE,0,0,0,0,"Survived"
"SYN-0116",2022,49,"Male","Hospital",0,0,NA,NA,1,1,1,0,"Survived"
"SYN-0117",2024,65,"Male","Hospital",1,0,11,FALSE,1,1,1,0,"Survived"
"SYN-0118",2023,86,"Female","Health center",0,0,NA,NA,1,1,1,0,"Survived"
"SYN-0119",2022,71,"Female","Health center",1,1,14,FALSE,1,1,1,0,"Survived"
"SYN-0120",2023,68,"Male","Hospital",0,0,NA,NA,1,1,1,0,"Survived"
"SYN-0121",2023,54,"Male","Health center",0,0,NA,NA,1,1,1,0,"Survived"
"SYN-0122",2022,78,"Male","Hospital",0,0,NA,NA,1,1,1,0,"Survived"
"SYN-0123",2022,18,"Male","Health center",1,1,13,FALSE,1,1,1,0,"Survived"
"SYN-0124",2023,46,"Male","Hospital",1,1,10,FALSE,1,1,1,0,"Survived"
"SYN-0125",2021,19,"Male","Hospital",0,0,NA,NA,0,0,0,0,"Survived"
"SYN-0126",2022,56,"Female","Hospital",0,0,NA,NA,0,0,0,0,"Survived"
"SYN-0127",2023,51,"Male","Health center",0,0,NA,NA,1,1,1,0,"Survived"
"SYN-0128",2024,84,"Male","Hospital",1,0,16,FALSE,1,1,1,0,"Survived"
"SYN-0129",2022,26,"Male","Health center",1,1,21,FALSE,0,0,0,0,"Survived"
"SYN-0130",2024,23,"Male","Hospital",1,1,11,FALSE,0,0,0,0,"Survived"
"SYN-0131",2023,67,"Male","Health center",1,1,6,TRUE,1,1,1,0,"Survived"
"SYN-0132",2021,19,"Male","Hospital",0,0,NA,NA,1,1,1,0,"Survived"
"SYN-0133",2024,18,"Male","Hospital",0,0,NA,NA,0,0,0,0,"Survived"
"SYN-0134",2023,55,"Male","Hospital",0,0,NA,NA,0,0,0,0,"Survived"
"SYN-0135",2021,55,"Female","Health center",1,1,16,FALSE,0,0,0,0,"Survived"
"SYN-0136",2024,32,"Male","Hospital",1,1,7,TRUE,1,1,0,0,"Survived"
"SYN-0137",2022,45,"Male","Hospital",0,0,NA,NA,0,0,0,0,"Survived"
"SYN-0138",2022,47,"Male","Health center",1,0,12,FALSE,0,0,0,0,"Survived"
"SYN-0139",2022,51,"Male","Hospital",0,0,NA,NA,1,1,1,0,"Survived"
"SYN-0140",2024,58,"Male","Hospital",1,1,12,FALSE,0,0,0,0,"Survived"
"SYN-0141",2022,53,"Male","Unknown",0,0,NA,NA,0,0,0,0,"Survived"
"SYN-0142",2022,63,"Female","Hospital",1,1,6,TRUE,1,1,1,0,"Survived"
"SYN-0143",2023,73,"Female","Hospital",0,0,NA,NA,0,0,0,0,"Survived"
"SYN-0144",2022,49,"Male","Hospital",0,0,NA,NA,1,1,1,0,"Survived"
"SYN-0145",2023,50,"Male","Hospital",0,0,NA,NA,0,0,0,0,"Death"
"SYN-0146",2022,84,"Male","Health center",0,0,NA,NA,0,0,0,0,"Survived"
"SYN-0147",2021,57,"Male","Hospital",0,0,NA,NA,0,0,0,0,"Survived"
"SYN-0148",2023,51,"Male","Unknown",1,1,7,TRUE,1,1,1,0,"Survived"
"SYN-0149",2024,25,"Male","Unknown",1,1,5,TRUE,0,0,0,0,"Survived"
"SYN-0150",2021,34,"Female","Hospital",0,0,NA,NA,1,1,1,0,"Survived"
"SYN-0151",2022,37,"Male","Hospital",0,0,NA,NA,1,1,1,0,"Survived"
"SYN-0152",2021,43,"Male","Hospital",0,0,NA,NA,0,0,0,0,"Survived"
"SYN-0153",2023,76,"Male","Hospital",0,0,NA,NA,1,1,1,0,"Survived"
"SYN-0154",2021,69,"Female","Unknown",0,0,NA,NA,1,1,1,0,"Survived"
"SYN-0155",2021,46,"Male","Unknown",0,0,NA,NA,0,0,0,0,"Survived"
"SYN-0156",2023,59,"Male","Hospital",1,1,22,FALSE,1,1,1,0,"Survived"
"SYN-0157",2024,56,"Male","Unknown",0,0,NA,NA,0,0,0,0,"Survived"
"SYN-0158",2022,53,"Male","Hospital",0,0,NA,NA,0,0,0,0,"Survived"
"SYN-0159",2023,53,"Male","Health center",0,0,NA,NA,1,1,1,0,"Survived"
"SYN-0160",2022,35,"Male","Hospital",0,0,NA,NA,0,0,0,0,"Survived"
"SYN-0161",2023,48,"Male","Hospital",1,1,7,TRUE,0,0,0,0,"Survived"
"SYN-0162",2024,41,"Male","Hospital",0,0,NA,NA,1,1,1,0,"Survived"
"SYN-0163",2021,62,"Male","Hospital",0,0,NA,NA,0,0,0,0,"Survived"
"SYN-0164",2023,57,"Male","Unknown",0,0,NA,NA,1,1,1,0,"Survived"
"SYN-0165",2022,61,"Male","Hospital",0,0,NA,NA,1,1,0,0,"Survived"
"SYN-0166",2022,26,"Male","Hospital",0,0,NA,NA,1,1,0,0,"Survived"
"SYN-0167",2024,63,"Male","Hospital",0,0,NA,NA,1,1,1,0,"Survived"
"SYN-0168",2022,90,"Male","Hospital",1,1,6,TRUE,1,1,1,0,"Survived"
"SYN-0169",2022,40,"Male","Health center",1,1,10,FALSE,1,1,1,0,"Survived"
"SYN-0170",2021,69,"Female","Hospital",0,0,NA,NA,0,0,0,0,"Survived"
"SYN-0171",2024,55,"Male","Hospital",0,0,NA,NA,0,0,0,0,"Survived"
"SYN-0172",2022,40,"Female","Hospital",0,0,NA,NA,1,1,1,0,"Survived"
"SYN-0173",2022,79,"Male","Hospital",0,0,NA,NA,1,1,1,0,"Survived"
"SYN-0174",2023,67,"Male","Health center",1,1,16,FALSE,1,1,1,0,"Survived"
"SYN-0175",2022,59,"Male","Hospital",0,0,NA,NA,1,1,1,0,"Survived"
"SYN-0176",2022,20,"Male","Unknown",1,1,5,TRUE,0,0,0,0,"Survived"
"SYN-0177",2022,75,"Male","Hospital",0,0,NA,NA,1,1,1,0,"Survived"
"SYN-0178",2023,58,"Female","Hospital",1,1,13,FALSE,1,1,1,0,"Survived"
"SYN-0179",2023,71,"Female","Health center",1,1,10,FALSE,1,1,1,0,"Survived"
"SYN-0180",2024,44,"Male","Hospital",0,0,NA,NA,0,0,0,0,"Survived"
"SYN-0181",2024,50,"Male","Hospital",1,0,27,FALSE,0,0,0,0,"Survived"
"SYN-0182",2024,46,"Female","Unknown",1,1,7,TRUE,0,0,0,0,"Survived"
"SYN-0183",2024,42,"Male","Hospital",0,0,NA,NA,0,0,0,0,"Survived"
"SYN-0184",2023,56,"Male","Hospital",0,0,NA,NA,0,0,0,0,"Survived"
"SYN-0185",2023,31,"Female","Hospital",1,1,4,TRUE,1,1,1,0,"Survived"
"SYN-0186",2024,89,"Male","Health center",0,0,NA,NA,1,1,1,0,"Survived"
"SYN-0187",2023,43,"Female","Hospital",0,0,NA,NA,1,1,1,0,"Survived"
"SYN-0188",2023,48,"Female","Hospital",1,1,9,FALSE,1,1,1,0,"Survived"
"SYN-0189",2021,59,"Male","Hospital",0,0,NA,NA,0,0,0,0,"Survived"
"SYN-0190",2021,58,"Male","Health center",0,0,NA,NA,1,1,1,0,"Survived"
"SYN-0191",2022,33,"Male","Hospital",0,0,NA,NA,0,0,0,0,"Survived"
"SYN-0192",2022,32,"Male","Health center",1,1,5,TRUE,1,1,0,0,"Survived"
"SYN-0193",2023,59,"Male","Health center",0,0,NA,NA,1,1,1,0,"Survived"
"SYN-0194",2022,29,"Female","Health center",1,1,4,TRUE,1,1,1,0,"Survived"
"SYN-0195",2023,58,"Male","Unknown",0,0,NA,NA,1,1,1,0,"Survived"
"SYN-0196",2023,50,"Male","Hospital",0,0,NA,NA,1,1,1,0,"Survived"
"SYN-0197",2024,37,"Male","Hospital",0,0,NA,NA,0,0,0,0,"Survived"
"SYN-0198",2021,50,"Male","Health center",1,1,7,TRUE,1,1,1,0,"Survived"
"SYN-0199",2022,79,"Male","Hospital",0,0,NA,NA,0,0,0,0,"Survived"
"SYN-0200",2023,76,"Male","Health center",0,0,NA,NA,1,1,1,0,"Survived"
"SYN-0201",2022,34,"Male","Health center",0,0,NA,NA,0,0,0,0,"Survived"
"SYN-0202",2022,44,"Male","Hospital",0,0,NA,NA,0,0,0,0,"Survived"
"SYN-0203",2023,48,"Male","Health center",1,1,27,FALSE,1,1,1,0,"Survived"
"SYN-0204",2021,61,"Male","Hospital",1,1,2,TRUE,1,1,1,0,"Death"
"SYN-0205",2024,64,"Female","Hospital",1,1,7,TRUE,1,1,0,0,"Survived"
"SYN-0206",2022,54,"Male","Hospital",1,1,37,FALSE,0,0,0,0,"Survived"
"SYN-0207",2023,47,"Male","Hospital",1,1,16,FALSE,1,1,1,0,"Survived"
"SYN-0208",2022,74,"Female","Hospital",1,1,5,TRUE,0,0,0,0,"Death"
"SYN-0209",2024,59,"Male","Unknown",0,0,NA,NA,0,0,0,0,"Survived"
"SYN-0210",2023,33,"Male","Health center",0,0,NA,NA,0,0,0,0,"Survived"
"SYN-0211",2024,50,"Female","Unknown",1,1,25,FALSE,0,0,0,0,"Survived"
"SYN-0212",2023,81,"Female","Hospital",0,0,NA,NA,1,1,1,0,"Survived"
"SYN-0213",2024,43,"Male","Hospital",1,0,17,FALSE,0,0,0,0,"Survived"
"SYN-0214",2023,59,"Female","Hospital",0,0,NA,NA,1,1,1,0,"Survived"
"SYN-0215",2021,30,"Male","Hospital",0,0,NA,NA,0,0,0,0,"Survived"
"SYN-0216",2023,71,"Male","Hospital",0,0,NA,NA,0,0,0,0,"Survived"
"SYN-0217",2024,60,"Male","Hospital",1,1,23,FALSE,1,1,0,0,"Survived"
"SYN-0218",2022,54,"Male","Hospital",1,1,5,TRUE,1,1,1,0,"Survived"
"SYN-0219",2021,45,"Male","Hospital",1,1,17,FALSE,0,0,0,0,"Survived"
"SYN-0220",2021,62,"Male","Hospital",0,0,NA,NA,0,0,0,0,"Survived"
"SYN-0221",2024,20,"Male","Hospital",0,0,NA,NA,0,0,0,0,"Survived"
"SYN-0222",2023,70,"Male","Hospital",0,0,NA,NA,1,1,1,0,"Survived"
"SYN-0223",2021,54,"Male","Hospital",1,1,17,FALSE,1,1,1,0,"Survived"
"SYN-0224",2023,82,"Male","Health center",1,1,5,TRUE,0,0,0,0,"Survived"
"SYN-0225",2022,49,"Male","Health center",1,1,7,TRUE,0,0,0,0,"Death"
"SYN-0226",2022,65,"Male","Unknown",0,0,NA,NA,0,0,0,0,"Survived"
"SYN-0227",2021,49,"Male","Hospital",0,0,NA,NA,1,1,1,0,"Survived"
"SYN-0228",2023,73,"Male","Hospital",1,0,25,FALSE,1,1,1,0,"Survived"
"SYN-0229",2022,70,"Female","Health center",1,0,5,TRUE,1,1,1,0,"Survived"
"SYN-0230",2023,35,"Male","Hospital",0,0,NA,NA,1,1,1,0,"Survived"
"SYN-0231",2023,63,"Male","Health center",1,1,3,TRUE,1,1,1,0,"Survived"
"SYN-0232",2021,63,"Male","Hospital",0,0,NA,NA,1,1,0,0,"Survived"
"SYN-0233",2023,46,"Female","Hospital",0,0,NA,NA,1,1,1,0,"Survived"
"SYN-0234",2023,66,"Female","Hospital",1,1,15,FALSE,1,1,1,0,"Survived"
"SYN-0235",2022,56,"Female","Health center",1,1,12,FALSE,1,1,1,0,"Survived"
"SYN-0236",2023,45,"Male","Hospital",0,0,NA,NA,1,1,1,0,"Survived"
"SYN-0237",2024,18,"Female","Hospital",0,0,NA,NA,1,1,1,1,"Survived"
"SYN-0238",2024,68,"Male","Hospital",0,0,NA,NA,0,0,0,0,"Survived"
"SYN-0239",2021,52,"Female","Hospital",0,0,NA,NA,0,0,0,0,"Survived"
"SYN-0240",2023,44,"Male","Hospital",1,1,8,FALSE,1,1,1,0,"Survived"
"SYN-0241",2022,68,"Male","Hospital",0,0,NA,NA,1,1,1,0,"Survived"
"SYN-0242",2021,48,"Male","Hospital",0,0,NA,NA,0,0,0,0,"Survived"
"SYN-0243",2024,42,"Male","Hospital",0,0,NA,NA,1,1,1,0,"Survived"
"SYN-0244",2022,75,"Female","Unknown",1,1,8,FALSE,0,0,0,0,"Survived"
"SYN-0245",2022,49,"Female","Hospital",0,0,NA,NA,1,1,1,0,"Survived"
"SYN-0246",2021,38,"Male","Hospital",0,0,NA,NA,0,0,0,0,"Survived"
"SYN-0247",2023,52,"Male","Hospital",0,0,NA,NA,1,1,0,0,"Survived"
"SYN-0248",2021,46,"Male","Hospital",0,0,NA,NA,0,0,0,0,"Survived"
"SYN-0249",2021,44,"Male","Hospital",0,0,NA,NA,1,1,1,0,"Survived"
"SYN-0250",2023,66,"Male","Hospital",0,0,NA,NA,1,1,1,0,"Survived"
"SYN-0251",2024,53,"Female","Health center",1,1,17,FALSE,1,1,1,0,"Survived"
"SYN-0252",2023,84,"Male","Health center",0,0,NA,NA,1,1,1,0,"Survived"
"SYN-0253",2022,57,"Male","Hospital",0,0,NA,NA,0,0,0,0,"Survived"
"SYN-0254",2021,36,"Male","Hospital",0,0,NA,NA,1,1,1,0,"Survived"
"SYN-0255",2023,67,"Male","Hospital",1,1,9,FALSE,1,1,1,0,"Survived"
"SYN-0256",2024,38,"Male","Hospital",0,0,NA,NA,1,1,1,0,"Survived"
"SYN-0257",2024,75,"Male","Hospital",0,0,NA,NA,0,0,0,0,"Survived"
"SYN-0258",2023,73,"Female","Hospital",0,0,NA,NA,1,1,0,0,"Survived"
"SYN-0259",2024,59,"Female","Health center",0,0,NA,NA,1,1,1,0,"Survived"
"SYN-0260",2022,51,"Female","Hospital",1,1,15,FALSE,0,0,0,0,"Survived"
"SYN-0261",2023,66,"Female","Hospital",0,0,NA,NA,1,1,1,0,"Survived"
"SYN-0262",2023,50,"Male","Hospital",0,0,NA,NA,1,1,1,0,"Survived"
"SYN-0263",2023,49,"Male","Hospital",1,1,8,FALSE,1,1,1,0,"Survived"
"SYN-0264",2024,67,"Male","Health center",0,0,NA,NA,0,0,0,0,"Survived"
"SYN-0265",2022,62,"Female","Health center",0,0,NA,NA,0,0,0,0,"Survived"
"SYN-0266",2022,58,"Male","Hospital",0,0,NA,NA,1,1,1,0,"Survived"
"SYN-0267",2023,73,"Male","Hospital",1,1,13,FALSE,0,0,0,0,"Survived"
"SYN-0268",2022,36,"Male","Health center",0,0,NA,NA,1,1,1,0,"Survived"
"SYN-0269",2024,21,"Female","Hospital",0,0,NA,NA,1,1,1,0,"Survived"
"SYN-0270",2022,53,"Male","Hospital",0,0,NA,NA,0,0,0,0,"Survived"
"SYN-0271",2022,73,"Male","Hospital",0,0,NA,NA,0,0,0,0,"Survived"
"SYN-0272",2023,66,"Male","Health center",0,0,NA,NA,1,1,1,0,"Survived"
"SYN-0273",2021,50,"Male","Hospital",0,0,NA,NA,0,0,0,0,"Survived"
"SYN-0274",2024,47,"Male","Unknown",0,0,NA,NA,1,1,1,0,"Survived"
"SYN-0275",2024,18,"Male","Hospital",0,0,NA,NA,1,0,0,0,"Survived"
"SYN-0276",2021,31,"Male","Health center",1,1,8,FALSE,1,1,1,0,"Survived"
"SYN-0277",2022,60,"Male","Hospital",0,0,NA,NA,0,0,0,0,"Survived"
"SYN-0278",2022,38,"Male","Hospital",0,0,NA,NA,0,0,0,0,"Survived"
"SYN-0279",2021,71,"Male","Unknown",0,0,NA,NA,1,1,1,0,"Survived"
"SYN-0280",2023,55,"Female","Hospital",1,1,7,TRUE,0,0,0,0,"Survived"
"SYN-0281",2021,18,"Male","Hospital",0,0,NA,NA,1,1,0,0,"Survived"
"SYN-0282",2021,73,"Male","Hospital",0,0,NA,NA,1,1,1,0,"Survived"
"SYN-0283",2022,44,"Male","Hospital",0,0,NA,NA,1,1,1,0,"Survived"
"SYN-0284",2024,46,"Male","Hospital",0,0,NA,NA,0,0,0,0,"Survived"
"SYN-0285",2023,30,"Male","Hospital",0,0,NA,NA,1,1,1,0,"Survived"
"SYN-0286",2021,56,"Female","Hospital",0,0,NA,NA,1,1,1,0,"Survived"
"SYN-0287",2024,32,"Female","Hospital",0,0,NA,NA,1,1,1,0,"Survived"
"SYN-0288",2021,34,"Female","Hospital",0,0,NA,NA,0,0,0,0,"Survived"
"SYN-0289",2021,47,"Male","Hospital",0,0,NA,NA,0,0,0,0,"Survived"
"SYN-0290",2023,45,"Male","Hospital",1,1,10,FALSE,1,1,1,0,"Survived"
"SYN-0291",2022,58,"Male","Hospital",0,0,NA,NA,1,1,1,0,"Survived"
"SYN-0292",2023,66,"Male","Hospital",1,1,9,FALSE,0,0,0,0,"Survived"
"SYN-0293",2022,55,"Female","Hospital",0,0,NA,NA,1,1,1,0,"Survived"
"SYN-0294",2024,45,"Male","Hospital",0,0,NA,NA,1,1,1,0,"Survived"
"SYN-0295",2024,70,"Male","Hospital",0,0,NA,NA,1,1,1,0,"Survived"
"SYN-0296",2021,46,"Male","Hospital",0,0,NA,NA,1,1,1,0,"Survived"
"SYN-0297",2023,49,"Male","Hospital",0,0,NA,NA,1,1,1,0,"Survived"
"SYN-0298",2024,57,"Male","Hospital",1,1,11,FALSE,0,0,0,0,"Survived"
"SYN-0299",2023,65,"Male","Hospital",1,1,22,FALSE,1,1,1,0,"Survived"
"SYN-0300",2023,48,"Male","Hospital",0,0,NA,NA,0,0,0,0,"Survived"
"SYN-0301",2022,55,"Male","Unknown",0,0,NA,NA,0,0,0,0,"Survived"
"SYN-0302",2023,61,"Male","Hospital",0,0,NA,NA,0,0,0,0,"Survived"
"SYN-0303",2023,52,"Male","Health center",0,0,NA,NA,1,1,1,0,"Death"
"SYN-0304",2022,32,"Male","Hospital",0,0,NA,NA,0,0,0,0,"Survived"
"SYN-0305",2024,46,"Female","Hospital",0,0,NA,NA,1,1,1,0,"Survived"
"SYN-0306",2022,25,"Female","Health center",1,0,10,FALSE,0,0,0,0,"Survived"
"SYN-0307",2023,53,"Male","Hospital",0,0,NA,NA,0,0,0,0,"Survived"
"SYN-0308",2024,90,"Male","Hospital",0,0,NA,NA,1,1,1,0,"Survived"
"SYN-0309",2023,24,"Male","Unknown",0,0,NA,NA,0,0,0,0,"Survived"
"SYN-0310",2023,32,"Male","Hospital",0,0,NA,NA,1,1,0,0,"Survived"
"SYN-0311",2021,29,"Female","Hospital",0,0,NA,NA,0,0,0,0,"Survived"
"SYN-0312",2022,40,"Female","Health center",0,0,NA,NA,0,0,0,0,"Survived"
"SYN-0313",2023,43,"Male","Hospital",0,0,NA,NA,1,1,1,0,"Survived"
"SYN-0314",2022,64,"Female","Hospital",1,1,4,TRUE,1,1,1,0,"Death"
"SYN-0315",2023,48,"Male","Hospital",1,1,36,FALSE,1,1,1,0,"Survived"
"SYN-0316",2022,43,"Male","Hospital",0,0,NA,NA,1,1,1,0,"Survived"
"SYN-0317",2023,81,"Male","Hospital",0,0,NA,NA,1,1,1,0,"Survived"
"SYN-0318",2022,48,"Female","Health center",1,1,6,TRUE,1,1,1,1,"Survived"
"SYN-0319",2024,30,"Male","Health center",1,0,10,FALSE,1,1,1,0,"Survived"
"SYN-0320",2023,42,"Male","Health center",0,0,NA,NA,0,0,0,0,"Survived"
"SYN-0321",2023,82,"Male","Hospital",0,0,NA,NA,1,1,1,0,"Survived"
"SYN-0322",2023,40,"Male","Unknown",1,1,23,FALSE,1,1,1,0,"Survived"
"SYN-0323",2021,67,"Male","Hospital",0,0,NA,NA,0,0,0,0,"Survived"
"SYN-0324",2023,43,"Male","Hospital",0,0,NA,NA,0,0,0,0,"Survived"
"SYN-0325",2021,52,"Male","Health center",1,1,19,FALSE,1,1,1,0,"Survived"
"SYN-0326",2022,76,"Male","Health center",1,1,26,FALSE,1,1,0,0,"Survived"
"SYN-0327",2023,54,"Male","Health center",0,0,NA,NA,1,1,1,0,"Death"
"SYN-0328",2022,65,"Male","Hospital",1,1,9,FALSE,0,0,0,0,"Survived"
"SYN-0329",2023,39,"Male","Health center",0,0,NA,NA,1,1,1,0,"Death"
"SYN-0330",2021,54,"Male","Unknown",0,0,NA,NA,1,1,1,0,"Survived"
"SYN-0331",2024,72,"Female","Hospital",1,1,33,FALSE,1,1,1,0,"Death"
"SYN-0332",2023,55,"Male","Unknown",0,0,NA,NA,0,0,0,0,"Survived"
"SYN-0333",2022,52,"Female","Hospital",0,0,NA,NA,0,0,0,0,"Survived"
"SYN-0334",2021,53,"Male","Health center",1,1,5,TRUE,1,0,0,0,"Survived"
"SYN-0335",2023,61,"Male","Hospital",1,0,6,TRUE,0,0,0,0,"Survived"
"SYN-0336",2023,38,"Male","Hospital",0,0,NA,NA,1,1,1,0,"Survived"
"SYN-0337",2022,56,"Female","Hospital",0,0,NA,NA,0,0,0,0,"Death"
"SYN-0338",2024,50,"Male","Hospital",0,0,NA,NA,1,1,1,0,"Survived"
"SYN-0339",2023,39,"Male","Hospital",0,0,NA,NA,0,0,0,0,"Survived"
"SYN-0340",2022,44,"Male","Hospital",0,0,NA,NA,1,0,0,0,"Survived"
"SYN-0341",2023,51,"Male","Unknown",0,0,NA,NA,1,1,1,0,"Survived"
"SYN-0342",2023,64,"Male","Hospital",1,0,12,FALSE,1,1,1,1,"Survived"
"SYN-0343",2024,59,"Male","Hospital",0,0,NA,NA,0,0,0,0,"Survived"
"SYN-0344",2024,39,"Female","Hospital",0,0,NA,NA,1,1,1,0,"Survived"
"SYN-0345",2023,57,"Male","Hospital",0,0,NA,NA,0,0,0,0,"Survived"
"SYN-0346",2024,60,"Female","Hospital",1,1,13,FALSE,1,1,1,0,"Survived"
"SYN-0347",2022,60,"Male","Unknown",0,0,NA,NA,1,1,1,0,"Survived"
"SYN-0348",2023,55,"Male","Hospital",0,0,NA,NA,1,1,1,0,"Survived"
"SYN-0349",2023,35,"Male","Health center",1,1,15,FALSE,1,1,1,0,"Survived"
"SYN-0350",2021,68,"Male","Hospital",0,0,NA,NA,0,0,0,0,"Survived"
"SYN-0351",2024,52,"Male","Hospital",0,0,NA,NA,0,0,0,0,"Survived"
"SYN-0352",2022,52,"Male","Hospital",0,0,NA,NA,1,1,1,0,"Survived"
"SYN-0353",2024,61,"Male","Hospital",1,1,24,FALSE,0,0,0,0,"Survived"
"SYN-0354",2024,68,"Male","Hospital",0,0,NA,NA,1,1,1,0,"Death"
"SYN-0355",2022,64,"Male","Hospital",1,1,3,TRUE,1,1,0,0,"Death"
"SYN-0356",2021,54,"Male","Hospital",0,0,NA,NA,1,1,1,0,"Survived"
"SYN-0357",2021,48,"Female","Hospital",0,0,NA,NA,1,1,1,0,"Survived"
"SYN-0358",2024,68,"Male","Hospital",1,0,5,TRUE,1,1,1,0,"Survived"
"SYN-0359",2023,39,"Female","Hospital",0,0,NA,NA,0,0,0,0,"Survived"
"SYN-0360",2023,35,"Female","Health center",0,0,NA,NA,1,1,1,0,"Survived"
"SYN-0361",2024,69,"Male","Hospital",0,0,NA,NA,1,1,1,0,"Survived"
"SYN-0362",2021,59,"Male","Hospital",1,1,3,TRUE,1,1,1,0,"Survived"
"SYN-0363",2023,53,"Female","Hospital",0,0,NA,NA,1,1,1,0,"Survived"
"SYN-0364",2023,56,"Male","Unknown",1,1,5,TRUE,0,0,0,0,"Survived"
"SYN-0365",2023,35,"Male","Hospital",0,0,NA,NA,0,0,0,0,"Survived"
"SYN-0366",2021,49,"Female","Hospital",0,0,NA,NA,0,0,0,0,"Survived"
"SYN-0367",2024,77,"Male","Health center",1,1,11,FALSE,0,0,0,0,"Survived"
"SYN-0368",2024,62,"Male","Hospital",0,0,NA,NA,0,0,0,0,"Survived"
"SYN-0369",2023,20,"Male","Hospital",1,0,3,TRUE,0,0,0,0,"Survived"
"SYN-0370",2021,60,"Male","Health center",1,1,8,FALSE,0,0,0,0,"Survived"
"SYN-0371",2023,88,"Male","Hospital",1,1,2,TRUE,0,0,0,0,"Survived"
"SYN-0372",2024,40,"Male","Unknown",1,1,10,FALSE,0,0,0,0,"Survived"
"SYN-0373",2023,56,"Male","Hospital",1,1,17,FALSE,1,1,1,0,"Survived"
"SYN-0374",2023,70,"Male","Hospital",0,0,NA,NA,1,1,1,0,"Survived"
"SYN-0375",2024,26,"Male","Hospital",1,1,24,FALSE,0,0,0,0,"Survived"
"SYN-0376",2024,48,"Male","Health center",0,0,NA,NA,0,0,0,0,"Survived"
"SYN-0377",2022,29,"Female","Hospital",0,0,NA,NA,1,1,1,0,"Survived"
"SYN-0378",2024,57,"Male","Hospital",0,0,NA,NA,1,1,1,0,"Survived"
"SYN-0379",2024,50,"Male","Hospital",0,0,NA,NA,0,0,0,0,"Survived"
"SYN-0380",2022,66,"Male","Hospital",1,1,11,FALSE,0,0,0,0,"Survived"
"SYN-0381",2022,42,"Male","Hospital",1,0,6,TRUE,0,0,0,0,"Death"
"SYN-0382",2023,53,"Male","Hospital",0,0,NA,NA,0,0,0,0,"Survived"
"SYN-0383",2024,47,"Male","Hospital",0,0,NA,NA,1,1,1,0,"Survived"
"SYN-0384",2024,38,"Male","Unknown",0,0,NA,NA,0,0,0,0,"Survived"
"SYN-0385",2023,57,"Female","Hospital",0,0,NA,NA,1,1,1,0,"Survived"
"SYN-0386",2023,50,"Male","Hospital",0,0,NA,NA,1,1,1,0,"Survived"
"SYN-0387",2022,31,"Male","Hospital",0,0,NA,NA,1,1,1,0,"Survived"
"SYN-0388",2023,60,"Female","Hospital",1,1,10,FALSE,0,0,0,0,"Survived"
"SYN-0389",2023,43,"Male","Health center",0,0,NA,NA,0,0,0,0,"Survived"
"SYN-0390",2022,39,"Female","Hospital",0,0,NA,NA,0,0,0,0,"Survived"
"SYN-0391",2021,53,"Male","Hospital",1,1,21,FALSE,1,0,0,0,"Survived"
"SYN-0392",2021,41,"Male","Hospital",1,1,16,FALSE,1,1,1,0,"Survived"
"SYN-0393",2022,76,"Male","Hospital",0,0,NA,NA,0,0,0,0,"Survived"
"SYN-0394",2022,52,"Female","Hospital",1,0,4,TRUE,1,1,1,0,"Survived"
"SYN-0395",2022,72,"Female","Hospital",0,0,NA,NA,0,0,0,0,"Survived"
"SYN-0396",2024,75,"Male","Hospital",0,0,NA,NA,0,0,0,0,"Survived"
"SYN-0397",2022,59,"Female","Hospital",0,0,NA,NA,0,0,0,0,"Survived"
"SYN-0398",2023,62,"Female","Hospital",1,1,10,FALSE,1,1,1,0,"Survived"
"SYN-0399",2022,39,"Male","Hospital",0,0,NA,NA,1,1,1,0,"Survived"
"SYN-0400",2023,32,"Male","Hospital",1,1,6,TRUE,1,1,1,0,"Survived"
"SYN-0401",2023,52,"Male","Health center",1,1,3,TRUE,1,1,1,0,"Survived"
"SYN-0402",2023,64,"Male","Hospital",0,0,NA,NA,0,0,0,0,"Survived"
"SYN-0403",2023,49,"Male","Hospital",1,1,6,TRUE,0,0,0,0,"Survived"
"SYN-0404",2023,31,"Male","Hospital",1,1,25,FALSE,1,1,1,0,"Survived"
"SYN-0405",2022,62,"Male","Hospital",0,0,NA,NA,1,1,1,0,"Survived"
"SYN-0406",2024,54,"Male","Hospital",0,0,NA,NA,1,1,1,0,"Survived"
"SYN-0407",2022,30,"Male","Hospital",0,0,NA,NA,1,1,1,0,"Survived"
"SYN-0408",2022,43,"Female","Hospital",0,0,NA,NA,1,1,1,0,"Survived"
"SYN-0409",2022,79,"Male","Hospital",0,0,NA,NA,1,1,1,0,"Survived"
"SYN-0410",2023,55,"Female","Hospital",1,0,6,TRUE,1,1,1,1,"Survived"
"SYN-0411",2023,79,"Male","Unknown",0,0,NA,NA,1,1,1,0,"Survived"
"SYN-0412",2024,68,"Male","Hospital",0,0,NA,NA,1,1,1,0,"Survived"
"SYN-0413",2024,74,"Female","Hospital",1,1,22,FALSE,0,0,0,0,"Survived"
"SYN-0414",2024,46,"Female","Hospital",0,0,NA,NA,1,1,1,0,"Survived"
"SYN-0415",2023,39,"Male","Hospital",1,1,10,FALSE,0,0,0,0,"Survived"
"SYN-0416",2022,77,"Male","Unknown",0,0,NA,NA,0,0,0,0,"Survived"
"SYN-0417",2024,76,"Male","Hospital",0,0,NA,NA,1,1,0,0,"Survived"
"SYN-0418",2023,66,"Female","Unknown",1,1,19,FALSE,1,1,1,0,"Survived"
"SYN-0419",2022,40,"Male","Hospital",0,0,NA,NA,1,1,1,0,"Survived"
"SYN-0420",2023,20,"Male","Unknown",0,0,NA,NA,1,1,1,0,"Survived"
"SYN-0421",2022,80,"Male","Hospital",1,1,9,FALSE,1,1,1,0,"Survived"
"SYN-0422",2023,43,"Male","Unknown",1,1,7,TRUE,0,0,0,0,"Survived"
"SYN-0423",2024,45,"Male","Hospital",0,0,NA,NA,1,1,1,0,"Survived"
"SYN-0424",2023,45,"Male","Hospital",0,0,NA,NA,0,0,0,0,"Survived"
"SYN-0425",2021,31,"Male","Hospital",0,0,NA,NA,0,0,0,0,"Survived"
"SYN-0426",2022,44,"Male","Hospital",0,0,NA,NA,1,0,0,0,"Survived"
"SYN-0427",2022,52,"Female","Hospital",1,1,10,FALSE,0,0,0,0,"Survived"
"SYN-0428",2023,83,"Male","Hospital",0,0,NA,NA,1,1,0,0,"Survived"
"SYN-0429",2022,18,"Male","Hospital",0,0,NA,NA,0,0,0,0,"Survived"
"SYN-0430",2022,70,"Male","Hospital",1,1,9,FALSE,1,1,1,0,"Survived"
"SYN-0431",2021,62,"Male","Hospital",0,0,NA,NA,0,0,0,0,"Survived"
"SYN-0432",2023,51,"Female","Hospital",0,0,NA,NA,0,0,0,0,"Survived"
"SYN-0433",2021,78,"Male","Hospital",0,0,NA,NA,1,1,1,0,"Survived"
"SYN-0434",2024,62,"Male","Unknown",1,1,5,TRUE,0,0,0,0,"Survived"
"SYN-0435",2022,53,"Male","Hospital",1,1,13,FALSE,1,1,1,0,"Death"
"SYN-0436",2024,34,"Male","Hospital",0,0,NA,NA,0,0,0,0,"Survived"
"SYN-0437",2024,55,"Female","Hospital",0,0,NA,NA,1,1,1,0,"Death"
"SYN-0438",2022,63,"Male","Hospital",0,0,NA,NA,0,0,0,0,"Survived"
"SYN-0439",2022,48,"Male","Hospital",0,0,NA,NA,1,1,1,0,"Survived"
"SYN-0440",2023,47,"Male","Hospital",0,0,NA,NA,0,0,0,0,"Survived"
"SYN-0441",2023,38,"Female","Health center",0,0,NA,NA,1,1,1,0,"Survived"
"SYN-0442",2022,41,"Male","Hospital",0,0,NA,NA,0,0,0,0,"Survived"
"SYN-0443",2024,54,"Female","Unknown",0,0,NA,NA,1,1,1,0,"Survived"
"SYN-0444",2024,21,"Male","Hospital",0,0,NA,NA,0,0,0,0,"Survived"
"SYN-0445",2022,48,"Male","Hospital",0,0,NA,NA,0,0,0,0,"Survived"
"SYN-0446",2022,73,"Male","Hospital",1,1,21,FALSE,1,1,1,0,"Survived"
"SYN-0447",2022,58,"Female","Health center",0,0,NA,NA,0,0,0,0,"Survived"
"SYN-0448",2023,44,"Female","Hospital",1,1,6,TRUE,1,1,1,0,"Survived"
"SYN-0449",2024,59,"Male","Hospital",0,0,NA,NA,1,1,1,0,"Survived"
"SYN-0450",2021,47,"Male","Hospital",0,0,NA,NA,1,1,1,0,"Survived"
"SYN-0451",2022,60,"Male","Hospital",0,0,NA,NA,1,1,1,0,"Survived"
"SYN-0452",2023,50,"Male","Unknown",0,0,NA,NA,1,1,1,1,"Survived"
"SYN-0453",2022,75,"Male","Unknown",0,0,NA,NA,1,1,1,0,"Death"
"SYN-0454",2022,27,"Male","Hospital",0,0,NA,NA,1,1,1,0,"Survived"
"SYN-0455",2022,43,"Male","Hospital",0,0,NA,NA,1,1,1,0,"Survived"
"SYN-0456",2023,73,"Male","Hospital",1,1,5,TRUE,1,1,1,0,"Survived"
"SYN-0457",2023,69,"Male","Hospital",0,0,NA,NA,1,1,1,0,"Survived"
"SYN-0458",2023,75,"Female","Health center",1,1,17,FALSE,1,1,1,0,"Survived"
"SYN-0459",2024,53,"Male","Health center",1,1,3,TRUE,1,1,1,0,"Survived"
"SYN-0460",2023,79,"Male","Hospital",0,0,NA,NA,1,1,1,0,"Survived"
"SYN-0461",2023,48,"Female","Hospital",1,1,12,FALSE,0,0,0,0,"Survived"
"SYN-0462",2021,51,"Male","Hospital",0,0,NA,NA,1,1,1,0,"Survived"
"SYN-0463",2023,35,"Male","Unknown",0,0,NA,NA,1,1,1,0,"Survived"
"SYN-0464",2021,39,"Male","Hospital",0,0,NA,NA,1,1,1,1,"Survived"
"SYN-0465",2022,62,"Female","Hospital",1,1,8,FALSE,1,1,1,0,"Survived"
"SYN-0466",2021,44,"Male","Unknown",0,0,NA,NA,1,1,0,0,"Survived"
"SYN-0467",2024,76,"Male","Hospital",1,1,3,TRUE,0,0,0,0,"Death"
"SYN-0468",2022,38,"Male","Hospital",0,0,NA,NA,1,1,1,0,"Survived"
"SYN-0469",2024,45,"Female","Hospital",0,0,NA,NA,1,1,1,1,"Death"
"SYN-0470",2024,63,"Male","Hospital",0,0,NA,NA,1,1,1,0,"Survived"
"SYN-0471",2021,86,"Male","Hospital",0,0,NA,NA,0,0,0,0,"Survived"
"SYN-0472",2024,46,"Female","Hospital",0,0,NA,NA,0,0,0,0,"Survived"
"SYN-0473",2024,58,"Male","Hospital",0,0,NA,NA,0,0,0,0,"Survived"
"SYN-0474",2022,63,"Male","Hospital",1,1,4,TRUE,1,1,1,0,"Survived"
"SYN-0475",2023,41,"Male","Hospital",1,1,16,FALSE,1,1,1,0,"Survived"
"SYN-0476",2022,61,"Male","Hospital",0,0,NA,NA,1,1,1,0,"Survived"
"SYN-0477",2021,23,"Male","Hospital",0,0,NA,NA,0,0,0,0,"Survived"
"SYN-0478",2022,73,"Female","Hospital",0,0,NA,NA,0,0,0,0,"Survived"
"SYN-0479",2022,38,"Male","Hospital",0,0,NA,NA,1,1,1,0,"Survived"
"SYN-0480",2023,40,"Male","Hospital",0,0,NA,NA,1,1,0,0,"Death"
"SYN-0481",2023,59,"Male","Hospital",0,0,NA,NA,0,0,0,0,"Survived"
"SYN-0482",2022,86,"Male","Health center",0,0,NA,NA,0,0,0,0,"Survived"
"SYN-0483",2024,88,"Female","Hospital",1,0,12,FALSE,1,0,0,0,"Survived"
"SYN-0484",2024,61,"Male","Health center",1,1,12,FALSE,1,1,1,0,"Survived"
"SYN-0485",2023,51,"Female","Hospital",0,0,NA,NA,0,0,0,0,"Survived"
"SYN-0486",2024,29,"Male","Hospital",0,0,NA,NA,0,0,0,0,"Survived"
"SYN-0487",2023,46,"Female","Hospital",1,1,6,TRUE,1,1,1,0,"Death"
"SYN-0488",2023,42,"Male","Hospital",0,0,NA,NA,1,1,1,0,"Survived"
"SYN-0489",2024,64,"Male","Hospital",0,0,NA,NA,0,0,0,0,"Survived"
"SYN-0490",2023,63,"Female","Hospital",1,1,14,FALSE,0,0,0,0,"Survived"
"SYN-0491",2023,18,"Female","Hospital",0,0,NA,NA,0,0,0,0,"Survived"
"SYN-0492",2021,48,"Male","Hospital",1,1,9,FALSE,1,1,1,0,"Survived"
"SYN-0493",2023,33,"Male","Hospital",0,0,NA,NA,1,1,1,0,"Survived"
"SYN-0494",2021,60,"Female","Hospital",0,0,NA,NA,1,1,1,0,"Survived"
"SYN-0495",2024,47,"Male","Unknown",0,0,NA,NA,1,1,1,0,"Survived"
"SYN-0496",2022,37,"Male","Hospital",0,0,NA,NA,1,1,1,0,"Survived"
"SYN-0497",2021,46,"Male","Hospital",0,0,NA,NA,0,0,0,0,"Survived"
"SYN-0498",2024,32,"Male","Hospital",0,0,NA,NA,0,0,0,0,"Survived"
"SYN-0499",2022,43,"Male","Hospital",0,0,NA,NA,0,0,0,0,"Survived"
"SYN-0500",2024,50,"Female","Hospital",1,1,23,FALSE,1,1,1,0,"Survived"
